id;file_name;file_type;file_size;file_path;created_at
639ba1ab-9692-40ac-8ac7-c49061004454;meh;noisily;10424;husband yum underpants;2025-05-14T03:22:52
8aeb327d-be46-4ef6-9e65-aea01ac7c67f;black except;black behind fooey;3801;even;2025-05-14T09:55:07
60af6319-6ea1-4171-afe8-1face744006e;purse unwelcome drat;chip outlandish;1161;ouch;2025-05-14T05:34:40
65f9a0e3-cb1a-47c3-ac89-4e81a54453eb;up along;except;30414;ugh boohoo triumphantly;2025-05-14T04:05:30
bf93842d-8268-482e-bb23-d6ef05c0ddde;um traffic;and limited selfishly;16501;clinch below;2025-05-13T17:09:21
edd4ef47-77e0-44ac-bbb8-0cabde94283b;athwart;nautical prance ouch;7946;mentor oh;2025-05-13T19:33:06
8c687276-aa2b-4e69-be7a-1dc944076393;debut only instead;lock;23751;delight well-to-do underneath;2025-05-14T07:44:57
273701fb-39c3-402d-9718-b2947a88e3c5;engage seriously;eminent until jaggedly;5475;earnest brr ick;2025-05-13T13:32:51
62eda5c2-50f4-46c7-8cdc-db9acc3c8a55;woot;overplay;19990;toward;2025-05-14T09:52:05
1b60343f-60e3-46cb-a078-eb5d844e105b;instructor vivacious yuck;gee outflank aboard;14749;until possession drat;2025-05-14T10:01:47
